BRAND NAME|WEBSITE
Giugt|NA
Yada|https://github.com/juxt/yada
PATIO_PEACE_INC|https://www.corporationwiki.com/p/38e95p/patio-peace-inc
Scepter|https://www.scepter.com/
General Medi|https://www.generalmediasa.com/
The Club|https://www.theclub.com/
Apeman|https://www.apemans.com/
resqme|https://resqme.com/
Orion|https://www.telescope.com/
Global Views|https://www.globalviews.com/
Zone Tech|NA
Goodyear|https://www.goodyear.com/en-US/tires
Viper|https://viper.com/
Optimus Tracker|NA
Hopkins|https://www.hopkinsmfg.com/
Replacement|NA
Tyger Auto|https://tygerauto.com/
DB Electrical|https://dbelectrical.com/
Ledkingdomus|NA
Kool Vue|NA
Raybestos|https://raybestos.com/
Motor-1|https://motor1.com/
Lexani|http://lexanimotorcars.com/
ISA Auto|NA
Dorman HELP|https://www.dormanproducts.com/c-4-help-products.aspx
MOSTPLUS|NA
Blackhawk|http://blackhawkparts.com/
Bully Dog|https://bullydog.com/
LACOO|NA
Devoko|https://devoko.xyz/
Segmart|NA
MF Studio|NA
Vineego|NA
JOIVI|NA
Ovios|http://ovioshome.com/
AECOJOY|http://aecojoy.com/
Sophia & William|NA
Lausaint Home|http://lausainthome.com/
Syngar|NA
Walsunny|http://walsunnyfurniture.com/
Tappio|I could not find the website for this brand.
Superjoe|https://superjoe.in/
Kinbor|http://www.kinbor.com/
Gotland|I could not find the website for this brand.
HIGHSOUND|I could not find the website for this brand.
ESSENTIAL LOUNGER|I could not find the website for this brand.
Orange-Casual|I could not find the website for this brand.
Expert Grill|https://www.expertgrill.com/
Char-Broil|https://www.charbroil.com/
Cuisinart|https://www.cuisinart.com/
American Gourmet Pretzel|I could not find the website for this brand.
Royal Gourmet|https://www.royalgourmetusa.com/
Revoace|I could not find the website for this brand.
Thermos|https://www.thermos.com/
MELLCOM|I could not find the website for this brand.
Megamaster|https://megamaster.co.za/
Weber|https://www.weber.com/
Blackstone|https://blackstoneproducts.com/
Kenmore|https://www.searspartsdirect.com/category/1234594/kenmore-grill-parts
YOLENY|I could not find the website for this brand.
Dyna-Glo|https://www.dynaglo.com/
Kingsford|https://www.kingsford.com/
B&B Charcoal|https://bbcharcoal.com/
Cowboy Charcoal|https://cowboycharcoal.com/
Royal Oak|https://royaloakcharcoal.com/
Cowboy|https://cowboycharcoal.com/cowboy-charcoal-products/cowboy-hardwood-lump-charcoal-20lb-bag/
Jealous Devil|https://jealousdevil.com/
Blues Hog|https://blueshog.com/
Masterbuilt|https://masterbuilt.com/
B&B|https://bbcharcoal.com/products/bb-lump-charcoal
Frontier|I could not find the website for this brand.
Kamado Joe|https://www.kamadojoe.com/
Prime 6|https://prime-six.com/
FOGO|https://fogocharcoal.com/
Buddeez|http://buddeez.com/
Rockwood|http://rockwoodcharcoal.com/
Basques Hardwood Charcoal|I could not find the website for this brand.
Eltahan|I could not find the website for this brand.
Original Natural Charcoal|I could not find the website for this brand.
Nourison|https://www.nourison.com/
Litheli|https://litheli.com/
Craftsman|https://www.craftsman.com/
Seizeen|I'm sorry but I couldn't find the website for this brand.
Worx|https://www.worx.com/
Toro|https://www.toro.com/
LawnMaster|https://www.lawnmaster.com/
American Lawn Mower|https://americanlawnmower.com/
Scotts|https://www.scotts.com/en-us
Expert Gardener|I'm sorry but I couldn't find the website for this brand.
Spectracide|https://www.spectracide.com/
Roundup|https://www.roundup.com/us/en
Sunday|https://getsunday.com/
MILORGANITE|https://milorganite.com/
Pennington|https://www.pennington.com/
Miracle-Gro|https://www.miraclegro.com/en-us
Ortho|https://www.ortho.com/en-us
BioAdvanced|https://www.bioadvanced.com/
The Anderson's|I'm sorry but I couldn't find the website for this brand.
Preen|https://preen.com/
Simple Lawn Solutions|https://simplelawnsolutions.com/
30 SECONDS|https://30secondscleaners.com/
Eliminator|I'm sorry but I couldn't find the website for this brand.
AllGreen|I'm sorry but I couldn't find the website for this brand.
GreenView|https://greenviewfertilizer.com/
Garden Safe|https://www.gardensafe.com/
Ironite|http://ironite.com/
Earth Science|http://earthsciencenaturals.com/
Clorox Pool&Spa|https://www.cloroxpool.com/
ALEXTREME|I'm sorry but I couldn't find the website for this brand.
hth|https://hthpools.com/
Pool Essentials|I'm sorry but I couldn't find the website for this brand.
Arm & Hammer|https://www.armandhammer.com/en/home
POOLWELL|I'm sorry but I couldn't find the website for this brand.
Melliful|I'm sorry but I couldn't find the website for this brand.
In The Swim|https://intheswim.com/
PoolRx|http://poolrx.com/
Great Value (Walmart)|https://www.walmart.com/greatvalue
Baquacil|http://baquacil.com/
Vinmall|I'm sorry but I couldn't find the website for this brand.
Morton Salt|https://mortonsalt.com/
Safavieh|https://safavieh.com/
nuLOOM|https://www.nuloom.com/
GENIMO|I'm sorry but I couldn't find the website for this brand.
MontVoo|I'm sorry but I couldn't find the website for this brand.
Beverly Rug|https://beverlyrug.com/
Mark & Day|I'm sorry but I couldn't find the website for this brand.
My Texas House|https://mytexashouse.com/
Couristan|https://www.couristan.com/
Bliss Rugs|https://blissrugs.com/
BalajeesUSA|https://www.balajeesusa.com/
Momeni|https://momeni.com/
TKOOFN|I'm sorry but I couldn't find the website for this brand.
Green Decore|https://www.greendecore.co.uk/
Unique Loom|https://uniqueloom.com/
Pauwer|https://pauwerhome.com/
Angel Sar|I'm sorry but I couldn't find the website for this brand.
Arden Selections|https://www.ardenselections.com/
Greendale Home Fashions|https://greendalehomefashions.com/
Jordan Manufacturing|https://jordanmanufacturing.com/
Aoodor|I'm sorry but I couldn't find the website for this brand.
Classic Accessories|https://classicaccessories.com/
Blazing Needles|https://blazingneedles.com/
UNIKOME|I'm sorry but I couldn't find the website for this brand.
Rsh Decor|I'm sorry but I couldn't find the website for this brand.
Yeerswag|I'm sorry but I couldn't find the website for this brand.
Casual Cushion|https://casual-cushion.com/
Duck Covers|https://duckcovers.com/
Balsa Circle|https://balsacircle.com/
Sweet Home Collection|https://sweethomecollection.com/
Decor Therapy|https://www.decorthrapy.com/
vidaXL|https://www.vidaxl.com/
PowerSmart|https://www.powersmartusa.com/
Greenworks|https://www.greenworkstools.com/
Sun Joe|https://snowjoe.com/collections/sun-joe
Yard Machines|http://www.yardmachines.com/yardmachines/home.do
Remington|http://www.remingtonpowertools.com/en/home
TROY BILT|http://www.troybilt.ca/on/demandware.store/Sites-TroyBilt_CA-Site/en_CA/Home-Show
Black Max|http://www.blackmaxtools.net/en/home.htm
YARDMAX|https://yardmax.com/product-category/outdoor-power-equipment/snow-blowers/?gclid=CjwKCAjwqIiFBhAHEiwANg9szvJZVvzJLQ1zZ6zQJ8y2WQnRyf7dY5tW4xZfLZnXJcBkKXKlG2T0xoCv4MQAvD_BwE
EGO|https://egopowerplus.ca/products/lawn-mower-self-propelled-21-inch-56v-lithium-ion-cordless-mower-kit-with-7-5ah-battery-and-charger
Rx Clear|https://www.poolsupplies.com/page/RX-Clear
BioGuard|https://bioguard.com/
Natural Chemistry|https://naturalchemistry.com/
DryTec|https://www.drytec.com/
GLB|https://glbpool.com/
SpaGuard|https://spaguard.com/
Whitney Farms|NA
Back to the Roots|https://backtotheroots.com/
PRO-MIX|https://www.promixgardening.com/en/home
FoxFarm|https://foxfarm.com/
Jiffy|https://www.jiffypot.com/
Michigan Peat|NA
Plantonix|NA
Burpee|https://www.burpee.com/
Hoffman|NA
Harris|NA
Coast Of Maine|https://coastofmaine.com/
ScottsMiracle-Gro|https://www.scotts.com/en-us
Espoma|https://www.espoma.com/
Black Gold|https://blackgold.bz/
ZeeDix|NA
Hyponex|NA
Year Long Color|NA
Timberline|NA
Oldcastle Lawn & Garden|NA
GroundSmart|https://groundsmartrubbermulch.com/
NuScape|NA
Jolly Gardener|NA
UBICON|NA
USA Pine|NA
International Mulch|http://internationalmulch.com/
Plow & Hearth|https://www.plowhearth.com/
NuPlay|http://nu-play.com/
Hull Farm|https://www.thehullfarm.com/
Farmlyn Creek|https://farmlyncreek.com/
Garden Elements|NA
EasyGo Products|NA
Homemaxs|NA
Rubberific|NA
Mosser Lee|NA
Bonnie Plants|https://bonnieplants.com/
Hirt's Gardens|https://hirts.com/
Costa Farms|https://costafarms.com/
Daylily Nursery|NA
CZ Grain|NA
Southern Living Plant|NA
Ferry-Morse|NA
Seedville|NA
BubbleBlooms|NA
Just Add Ice|https://www.justaddiceorchids.com/
Knock Out|NA
Altman Plants|https://altmanplants.com/
Endless Summer|https://www.endlesssummerblooms.com/
Fresh Produce|NA
Home Botanicals|https://homebotanicals.com/
Van Zyverden|https://www.vanzyverden.com/
Hot Wheels|https://hotwheels.mattel.com/shop/en-us/hw?icid=home_body-1_shop-now_button
Adventure Force|NA
Sharper Image|https://www.sharperimage.com/
Kid Connection|NA
New Bright|https://newbright.com/
JITTERYGIT|NA
PAW Patrol|https://pawpatrol.com/
Monster Jam|https://www.monsterjam.com/en-US/home
Disney Pixar Cars|https://cars.disney.com/
Tonka|https://www.tonkatoys.com/
Little People|https://www.fisher-price.com/en-us/brands/littlepeople
VTech|https://www.vtechkids.com/
Caterpillar|https://shopcaterpillar.com/
Jada Toys|http://jadatoysinc.com/
SNAPTAIN|https://www.snaptain.com/
Power Craze|http://power-craze.com/
Care Bears|http://carebears.com/
Matchbox|https://matchbox.mattel.com/shop/en-us/mb?icid=home_body-1_shop-now_button
Little Tikes|https://www.littletikes.com/
KidKraft|https://www.kidkraft.com/us_en/?gclid=CjwKCAjw9uKIBhA8EiwAYPUS3JZVvz9qJQzJzLQvZ5Ld6BfG7XOJyfZ4XrRqY5x7tUvFyTzg0V2LxoCnGQQAvD_BwE&gclsrc=aw.ds
Mundo Toys|NA
Spark Create Imagine|NA
Click N' Play|http://clicknplay.store/
Play Day  – NA
LeapFrog|https://www.leapfrog.com/
Fisher-Price|https://www.fisher-price.com/
E-joy|https://ejoy-english.com/
Playkidz|https://playkidztoys.com/
Step2|https://www.step2.com/
Disney Princess|https://princess.disney.com/
Easy Bake|https://www.hasbro.com/en-us/brands/easybake
Play22|https://play22.com/
TiokMc|NA
Huffy|https://www.huffybikes.com/
Jetson|https://jetsonbike.com/
Kent Bicycles|https://kent.bike/
Dynacraft|https://www.dynacraftwheels.com/
Hyper Bicycles|https://hyperbicycles.com/
Kent|https://kent.bike/
Genesis|https://www.genesisbikes.co.uk/
Mongoose|https://mongoose.com/
Royalbaby|https://www.royalbabyglobal.com/
Schwinn|https://www.schwinnbikes.com/
Radio Flyer|https://www.radioflyer.com/
Joystar|NA
Decathlon|https://www.decathlon.com/
STRIDER|https://striderbikes.com/
Power Wheels|https://powerwheels.mattel.com/shop
Kalee|http://kaleeoutdoortoys.com/
Flybar|https://flybar.com/
KidZone|NA
Kid Trax|http://kidtraxtoys.com/
uhomepro|NA
Funtok|NA
Honda|https://powersports.honda.com/street/sport
Madd Gear|http://maddgear.com.au/
Hover-1|http://hover-1.com/
Spider-Man|NA
LEGO|https://www.lego.com/en-us
Nerf|https://nerf.hasbro.com/en-us
beefunni|NA
CoComelon|NA
Gabby's Dollhouse|NA
Hot Bee  NA
Pawhut|https://www.pawhut.com/
MORGETE|NA
Pawz Road|https://www.pawzroad.com/
MASBRILL|NA
Pefilos|NA
omitree|https://omitree.com/
Chicken Coop|NA
Blue Buffalo|https://bluebuffalo.com/
Piccardmeds4pets|NA
Chicken Soup for the Soul|https://www.chickensouppets.com/
PcEoTllar|NA
Best Dog Chews|https://bestdogchews.com/
Oneisall|https://oneisall.net/
NextStar|NA
Paws & Pals|https://pawsandpals.com/
PetsWorld|NA
PiccardNaturePets|NA
Primepets|NA
SmileMart|https://www.smilemart.com/
Zalalova|NA
Fruit of the Loom|https://www.fruit.com/
Bagilaanoe|NA
FOCUSNORM|NA
Cozy Jams|https://cozyjams.net/
Odeerbi|NA
Sweet Jojo Designs|https://sweetjojodesigns.com/
Safety 1st|https://www.safety1st.com/
B91xZ|NA
Delta Children|https://deltachildren.com/
Fesfesfes|NA
Dream On Me|https://dreamonme.com/
Baby Einstein|https://www.babyeinstein.com/
Canis|NA
Cm-Kid|NA
Graco|https://www.gracobaby.com/
Nokpsedcb|NA
SAMSUNG|https://www.samsung.com/us/home-appliances/
VIZIO|https://www.vizio.com/en/home
onn.|https://onntvsupport.com/
Roku|https://www.roku.com/en-ca/
Google|https://www.google.com
Roconia|NA
DR. J Professional|https://www.drjprofessional.com
TCL|https://www.tcl.com
JBL|https://www.jbl.com
LG|https://www.lg.com
Bose|https://www.bose.com
Bomaker|https://www.bomaker.com
VILINICE|NA
Hisense|https://www.hisense-usa.com
Philips|https://www.usa.philips.com
Doosl|NA
Klipsch|https://www.klipsch.com
WEWATCH|NA
Harman Ice|NA
Soundcore|https://www.soundcore.com
Apple|https://www.apple.com
Altec Lansing|https://www.alteclansing.com
GPX|NA
JLab Audio|https://www.jlabaudio.com
Hoey|NA
Skullcandy|https://www.skullcandy.com
Beats by Dr. Dre|NA
Naxa|https://www.naxa.com
HP|https://www.hp.com
OtterBox|https://www.otterbox.com
Motorola|https://www.motorola.com
Toguard|https://www.toguard.cc
Lenovo|https://www.lenovo.com
MSI|https://www.msi.com
ASUS|https://www.asus.com
Razer|https://www.razer.com
Logitech G|https://www.logitechg.com
Canon|https://www.canon.com
Acer|https://www.acer.com
Lay's|https://www.lays.com
It's Delish|NA
ReadyWise|https://www.readywise.com
Cheez-It|https://www.cheezit.com
Lipton|https://www.lipton.com
Planters|https://www.planters.com
bubly|https://www.bubly.com
Melinda's|https://www.melindas.com
Twizzlers|https://www.twizzlers.com
Nature Valley|https://www.naturevalley.com
Quaker|https://www.quaker.com
Bridgford|https://www.bridgford.com
Bumble Bee|https://www.bumblebee.com
Gatorade|https://www.gatorade.com
SweeTarts|https://www.sweetartscandy.com
Triscuit|https://www.triscuit.com
Clif Bar|https://www.clifbar.com
Keebler|NA
Newman's Own|https://www.newmansown.com
NineChef|NA
Spalding|https://www.spalding.com
Wilson|https://www.wilson.com
AND1|NA
NBA|https://www.nba.com
Shaq|NA
MaxKare|https://www.maxkare.net
Everest|NA
Silverback|https://www.silverbackbasketball.com
MARNUR|NA
LIFETIME|https://www.lifetime.com
Dr. Dish|https://www.drdishbasketball.com
MacGregor|NA
Zimtown|NA
SKLZ|https://www.sklz.com
Fantadool|NA
Big B Pro Sports|NA
ESPN|https://www.espn.com
Franklin|https://www.franklinsports.com
Cutters|https://www.cutterssports.com
Franklin Sports|https://www.franklinsports.com
TUOY|NA
Riddell|https://www.riddell.com
Champro Sports|https://www.champrosports.com
EliteTek|https://www.elitetek.com
Sleefs|https://www.sleefs.com
Vettex|NA
Battle Sports|https://www.battlesports.com
Grip Boost|https://www.gripboost.com
Gulf Coast Sales|NA
BSN SPORTS|https://www.bsnsports.com
Callaway Golf|https://www.callawaygolf.com
LPGA|https://www.lpga.com
Nitro Golf|https://www.nitrogolf.com
Ben Hogan|https://benhogangolf.com
Pride Naturals|NA
Vice Golf|https://www.vicegolf.com
TaylorMade|https://www.taylormadegolf.com
PGA Tour|https://www.pgatour.com
Titleist|https://www.titleist.com
SAPLIZE|NA
FootJoy|https://www.footjoy.com
PrideSports|https://www.pridesports.com
Callaway|https://www.callawaygolf.com
Search 'N Rescue|https://www.searchnrescue.com
Green Keepers|NA
Bridgestone Golf|https://www.bridgestonegolf.com/en-us/index
Onix|https://themewagon.com/themes/free-bootstrap-5-html-5-seo-digital-marketing-website-template-onix/
Eccomum|https://www.eccomum.com/
Upgo|https://www.upgo.life/
EYCI|https://www.eyci.com/
JOOLA|https://joolausa.com/
ORCA|https://orcacoolers.com/
HEAD|https://www.head.com/en_US/home/
Zume Games|https://zumegames.com/
Dulce Dom|NA
REV|https://revsunglasses.com/
GIGAPOWER|NA
Wham-O|https://wham-o.com/
PickleballCentral|https://www.pickleballcentral.com/
Tourna|https://www.tournagrip.com/
A11N SPORTS|https://a11nsports.com/
Diadem Sports|https://diademsports.com/
Amazin' Aces|https://amazinaces.com/
Umbro|https://www.umbro.com/en-us/home
FIFA|https://www.easports.com/fifa
Future Stars|NA
intey|NA
Gudauri|NA
NET PLAYZ|http://netplayz.net/
Maccabi Art|http://maccabiart.co.il/en/home-page-2/
VIZARI|http://vizari.com/
Western Star|NA
PUMA|https://us.puma.com/en/us/home
SEISSO|NA
Mitre|https://www.mitre.com/us/en.html
Bounce Pro|NA
YORIN|NA
Skywalker Sports|http://skywalkersportsusa.com/
Jumpking|http://jumpking.com/
Triple Tree|NA
Kofun|NA
AEDILYS|NA
JINS & VICO|NA
YAKEY|NA
AOTOB|NA
Kumix|NA
Nazhura|NA
Coreus|NA
Sportspower|https://www.sportspowerltd.net
Backyard Discovery|https://www.backyarddiscovery.com
XDP Recreation|https://www.xdprecreation.com
KloKick|NA
iRerts|NA
Swurfer|https://www.swurfer.com
Ealing|NA
ZenStyle|NA
Creative Cedar Designs|https://www.creativecedardesigns.com
RenFox|NA
Fitness Reality|https://www.fitnessreality.com
Jugader|NA
Sesslife|NA
INFANS|NA
Intex|https://www.intexcorp.com
Gocio|NA
FinTech|NA
H2OGO!|NA
Vivi|NA
EASTPOINT|https://www.eastpointsports.com
Moosejaw|https://www.moosejaw.com
Paper Mate|https://www.papermate.com
BIC|https://www.bicworld.com
Ticonderoga|https://www.ticonderoga.com
Norcom|https://www.norcominc.com
Color Swell|NA
Mead|https://www.mead.com
JAM Paper & Envelope|https://www.jampaper.com
Expo|https://www.expomarkers.com
Zebra Pen|https://www.zebrapen.com
BAZIC Products|https://www.bazicproducts.com
Charles Leonard|https://www.charlesleonard.com
Office Depot|https://www.officedepot.com
Astrobrights|https://www.astrobrights.com
Pintar Art|NA
Royal & Langnickel|https://www.royalbrush.com
FolkArt|https://www.plaidonline.com/folkart/brand/home.htm
Perler|https://www.perler.com
Prismacolor|https://www.prismacolor.com
GenCrafts|NA
Sargent Art|https://www.sargentart.com
JA-RU|https://www.jaru.com
SentrySafe|https://www.sentrysafe.com
Honeywell|https://www.honeywell.com
SRWTRCHRY|NA
Vaultz|https://www.vaultz.com
Sentry|https://www.sentryindustries.com
Machir|NA
Stack-On|NA
First Alert|https://www.firstalert.com
ENGiNDOT|NA
tooluck|NA
RPNB|NA
Granpay|NA
Zeiger|NA
Pilot|https://www.pilotpen.us
Sharpie|https://www.sharpie.com
Wonder Nation|https://www.walmart.com/browse/clothing/wonder-nation/5438_3317124_3002994
Little Star Organic|https://kitexusa.com/little-star-organic
SteelTime|http://www.steeltime.it/en/
Time and Tru|https://www.walmart.com/browse/clothing/time-and-tru/5438_3317124_3002029
Oakley|https://www.oakley.com/en-us
Free Assembly|https://www.walmart.com/browse/free-assembly/0f6b1f9c-5d3a-4e7d-bf7e-5b2d8c2c3b5e
No Boundaries|https://www.walmart.com/browse/no-boundaries/0f6b1f9c-5d3a-4e7d-bf7e-5b2d8c2c3b5e
Disney|https://www.shopdisney.com/
Marvel|https://www.marvel.com/
Hanes|https://www.hanes.com/
Justice|https://www.shopjustice.com/
Real Love|NA
Levi's|https://www.levi.com/US/en_US/
Love & Sports|NA
Ma&Baby|NA
Athletic Works|https://www.walmart.com/browse/clothing/athletic-works/5438_3317124_3002026
Sofia Jeans by Sofia Vergara|https://www.walmart.com/browse/clothing/sofia-jeans-by-sofia-vergara/5438_3317124_3002027
The Children's Place|https://www.childrensplace.com/us/home
Lands' End|https://www.landsend.com/
Moa Collection|NA
Chaps|https://www.chaps.com/
U.S. Polo Assn.|https://uspoloassn.com/
DXL|https://www.dxl.com/
George|NA
Bulova|https://www.bulova.com/
Foster Grant|https://fostergrant.com/
Nike|https://www.nike.com/
Beaux Bijoux|NA
Adidas|https://www.adidas.com/us
JewelStop|NA
Smartprints|NA
folio|NA
Barbell Apparel|https://barbellapparel.com/
INKtastic|NA
Ironman|http://ironmanstore.com/
Nuragold|NA
Bonobos Fielder|NA
Reebok|https://www.adidas-group.com/en/brands/reebok/
Madden NYC|NA
Celebrity Pink|http://celebritypinkjeans.com/
Doublju|https://www.ebay.com/str/doubljuonline
Fantaslook|https://fantaslook.com/
Galaxy by Harvic|https://galaxybyharvic.com/
Pink Floyd|NA
Derek Heart|NA
The Get|NA
Wrangler|https://www.wrangler.com/
Barbie|https://barbie.mattel.com/shop/en-us/ba/barbie-dolls
Junefish|NA
Crocs|https://www.crocs.com/
Liv & Lottie|NA
DOKOTOO|https://dokotoo.com/
Nintendo|https://www.nintendo.com/
Ma Croix|NA
Carter's Child of Mine|NA
Garanimals|NA
Modern Moments|NA
Gerber|https://www.gerberchildrenswear.com/
easy-peasy|NA
Hudson Baby|https://hudsonbabycompany.com/
PatPat|https://www.patpat.com/
Little Star|NA
Mickey Mouse|https://www.shopdisney.com/characters/disney/mickey-mouse/
Koala Baby|NA
WAY TO CELEBRATE!|NA
Baby Shark|https://babysharkshop.merchmake.com/
Spasilk|https://spasilk.com/
Minnie Mouse|https://www.shopdisney.com/characters/disney/minnie-mouse/
Winnie the Pooh|https://www.shopdisney.com/characters/disney/winnie-the-pooh/
The Peanutshell|https://www.peanutshell.com/
Luvable Friends|https://luvablefriends.com/
Michael Kors|https://www.michaelkors.com/
totes|https://totes.com/
Goody|https://goody.com/
Protege|NA
scunci|https://scunci.com/
Ozark Trail|NA
Eastsport|http://eastsport.com/
Bad Piggies|NA
C.Wonder-NA
Breathe Magazine|https://www.breathemagazine.com/
SPLATRBALL|https://splatrball.com/
Weight Watchers|https://www.weightwatchers.com/us/
Magideal|NA
Mute Snoring|NA
Martha Stewart|https://www.marthastewart.com/
Tony Stewart|NA
Beckett|https://www.beckett.com/
Time Inc.|NA
Smith Brothers|NA
Curtis Circulation|NA
Ballantine Books|NA
HarperCollins Publishers|https://www.harpercollins.com/
Billie Eilish|https://www.billieeilish.com/
Bono|https://www.u2.com/
Buena Vista Home Entertainment|NA
Crown|https://www.crownmedia.com/
Harper|NA
Elton John|https://www.eltonjohn.com/
Harper Perennial|NA
Andy Warhol|https://warhol.org/
Experiences Priscilla Presley|NA
Beth Moore|https://lproof.org/
Basic Books|https://www.basicbooks.com/
Jackson|NA
Eben Alexander|http://ebenalexander.com/
DreamWorks|https://www.dreamworks.com/
Harmony|NA
Jack Rosewood|NA
Funko|https://www.funko.com/
Danielle Steel|https://daniellesteel.com/
Debbie Macomber|https://debbiemacomber.com/
David Baldacci|https://davidbaldacci.com/
Atria|NA
Fern Michaels|http://fernmichaels.com/
Charles Martin|http://charlesmartinbooks.com/
George R.R. Martin|http://georgerrmartin.com/
Heather Graham|http://heathergraham.net/
Dell|NA
Edward Art|NA
Here are the website URLs for the brands/authors you mentioned:
J. R. R. Tolkien|NA
Brenda Novak|www.brendanovak.com
F. Scott Fitzgerald|NA
Charles Dickens|NA
Edgar Allan Poe|NA
Alex Berenson|www.alexberenson.com
Georgina Townsend|NA
Camilla d'Errico|www.camilladerrico.com
Hope Winters|NA
Crayola|www.crayola.com
Insight Editions|www.insighteditions.com
Blue Lotus Publishing|NA
Christina Haberkern|NA
Beatrice Harrison|NA
Dick Thomas|NA
Hal Leonard|www.halleonard.com
Alisa Calder|NA
Firework Publishing|NA
Elena Sharp|NA
Charles M. Schulz|NA
Dylanna Press|NA
Betty Crocker|www.bettycrocker.com
Taste of Home|www.tasteofhome.com
Rockridge Press|www.rockridgepress.com
Gooseberry Patch|www.gooseberrypatch.com
The Pioneer Woman|thepioneerwoman.com
America's Test Kitchen|www.americastestkitchen.com
Tasty|www.tasty.co
Publications International|NA
Good Books|www.goodbooks.com
Peggy Allport|NA
Houghton Mifflin Harcourt|www.hmhco.com
Workman Publishing|www.workman.com
Telebrands|NA
Tabitha Brown|NA
King Arthur Baking|www.kingarthurbaking.com
Weldon Owen|NA
Gordon Ramsay|www.gordonramsay.com
Dr. Seuss|www.seussville.com
AYYUFE|NA
Zondervan|https://www.zondervan.com/
Pangheng|Sorry, I couldn't find any website for this brand.
YDXL|https://www.walmart.com/c/brand/ydxl
Joyce Meyer|https://joycemeyer.org/
Christian Art Gifts|https://www.christianartgifts.com/
National Learning Corporation|https://www.natlearning.com/
Pedort|http://www.pedors247.com/
Sanwood|Sorry, I couldn't find any website for this brand.
The Princeton Review|https://www.princetonreview.com/
Abide|https://abide.co/
Agatha Christie|https://www.agathachristie.com/
Alvena|Sorry, I couldn't find any website for this brand.
Artix|https://portal.battleon.com/
Augusta|https://augustasportswear.com/
Augusta Sportswear|https://augustasportswear.com/
Brian Herbert; Kevin J Anderson|http://dunenovels.com/
Christine Caine|https://christinecaine.com/
DYNWAVE|Sorry, I couldn't find any website for this brand.
Universal Studios|https://www.universalstudios.com/
Warner Bros.|https://www.warnerbros.com/
Lionsgate Home Entertainment|https://www.lionsgate.com/studio/home-entertainment
Paramount|https://www.paramount.com/
Sony Pictures Entertainment|https://www.sonypictures.com/
Universal|Sorry, I couldn't find any website for this brand.
SDS|Sorry, I couldn't find any website for this brand.
20th Century Studios|https://www.waltdisneystudios.com/studios/20th-century-studios
Warner Home Video|Sorry, I couldn't find any website for this brand.
20th Century Fox Home Entertainment|Sorry, I couldn't find any website for this brand.
Fast and the Furious|http://www.fastandfurious.com/
Warner Bros.|Sorry, I couldn't find any website for this brand.
Mill Creek Entertainment|https://www.millcreekent.com/
DC Comics|https://www.dccomics.com/
Fantastic Beasts|http://fantasticbeasts.com/
Sony|https://www.sony.net/SonyInfo/CorporateInfo/Data/History/SonyHistory/2-02.html
MGM|http://mgm.com/
Hallmark|https://www.hallmarkchannel.com/home-and-family
Elvis Presley|http://elvispresleyshop.com/
Universal Pictures|Sorry, I couldn't find any website for this brand.
Minions|http://minionsmovie.com/
HBO|https://www.hbo.com/
Shout! Factory|https://shoutfactory.com/
Bbc Video|https://www.bbc.co.uk/iplayer
Showtime Ent.|https://www.sho.com/video/full-episodes
Funimation|https://www.funimation.com/
VIZ Media|https://www.viz.com/
A. D. Vision|NA
Sundance|https://www.sundance.org/
Section23 Films|NA
Allied Vaughn|NA
CBS|https://www.cbs.com/
Generic|NA
PBS|https://www.pbs.org/
Electric Entertainment|NA
Mill Creek Botanicals|NA
Concepts Sport|NA
Alchemy|NA
STUDIO DISTRIBUTION SERVI|NA
Paramount Home Video|https://www.paramount.com/
eOne|https://entertainmentone.com/
Anderson|NA
Crosley|https://www.crosleyradio.com/
Victrola|https://victrola.com/
LP&No.1|NA
Udreamer|NA
Audio-Technica|https://www.audio-technica.com/en-us/
DIGITNOW|https://www.digitnow.us/
Boytone|NA
Jensen|https://jensenrvdirect.com/
Direct Power Plus|NA
Kedok|NA
Onkyo|http://www.onkyousa.com/
Arkrocket|NA
EEEkit|NA
Snap-N-Store|http://snapnstore.com/
iLive|http://iliveelectronics.com/
1byone|https://1byone.com/
Gemini|http://geminisound.com/
ION Audio|http://www.ionaudio.com/
Sylvania|http://sylvania.com/en-us/products/home-entertainment/
Eastar|https://eastar-music.com/
Donner|https://www.donnermusic.com/
The Singing Machine|https://singingmachine.com/
RockJam|https://pdtuk.com/
sktome|NA
ZENY|NA
Best Choice Products|NA
Gravity Guitar Picks|NA
Yamaha|https://usa.yamaha.com/
Pyle|https://www.pyleusa.com/
ToyZe|NA
Costway|https://www.costway.com/
UNOKKI|NA
Carevas|NA
ADM|https://www.admaccessories.com/
Everjoys|NA
Long Beach Music|NA
Glarry|https://www.glarrymusic.com/
Kanye West|NA
Kendrick Lamar|NA
Sony Music|https://www.sonymusic.com/
Eminem|https://eminem.com/
Mac Miller|NA
Playboi Carti|NA
Good|NA
Drake Waterfowl|https://www.drakewaterfowl.com/
UMGD|https://www.umusic.com/
50 Cent|https://thisis50.com/
Tyler, the Creator|https://www.golfwang.com/
Juice Wrld|NA
Nas|https://www.nasirjones.com/
Post Malone|https://www.postmalone.com/
Jay Z|https://rocnation.com/jay-z/
A Tribe Called Quest|NA
Outkast|NA
Universal Music Group|https://www.universalmusic.com/
WEA CORP|NA
Queen|http://www.queenonline.com/
Fleetwood Mac|http://fleetwoodmac.com/
Metallica|http://www.metallica.com/
Van Halen|http://www.van-halen.com/
Shout! Factory|https://shoutfactory.com/
Bbc Video|https://www.bbc.co.uk/iplayer
Showtime Ent.|https://www.sho.com/video/full-episodes
Funimation|https://www.funimation.com/
VIZ Media|https://www.viz.com/
A. D. Vision|NA
Sundance|https://www.sundance.org/
Section23 Films|NA
Allied Vaughn|NA
CBS|https://www.cbs.com/
Generic|NA
PBS|https://www.pbs.org/
Electric Entertainment|NA
Mill Creek Botanicals|NA
Concepts Sport|NA
Alchemy|NA
STUDIO DISTRIBUTION SERVI|NA
Paramount Home Video|https://www.paramount.com/
eOne|https://entertainmentone.com/
Anderson|NA
Crosley|https://www.crosleyradio.com/
Victrola|https://victrola.com/
LP&No.1|NA
Udreamer|NA
Audio-Technica|https://www.audio-technica.com/en-us/
DIGITNOW|https://www.digitnow.us/
Boytone|NA
Jensen|https://jensenrvdirect.com/
Direct Power Plus|NA
Kedok|NA
Onkyo|http://www.onkyousa.com/
Arkrocket|NA
EEEkit|NA
Snap-N-Store|http://snapnstore.com/
iLive|http://iliveelectronics.com/
1byone|https://1byone.com/
Gemini|http://geminisound.com/
ION Audio|http://www.ionaudio.com/
Sylvania|http://sylvania.com/en-us/products/home-entertainment/
Eastar|https://eastar-music.com/
Boston|https://www.boston.gov/
Rolling Stones|https://rollingstones.com/
Led Zeppelin|https://www.ledzeppelin.com/
Ozzy Osbourne|https://ozzy.com/
ACDC|https://www.acdc.com/
Guns N' Roses|https://gunsnroses.com/
Rage Against The Machine|https://www.ratm.com/
Jimi Hendrix|https://www.jimihendrix.com/
Pearl Jam|https://pearljam.com/
Journey|https://journeymusic.com/
BTS|https://ibighit.com/bts/eng/
Taylor Swift|https://taylorswift.com/
Lana Del Rey|https://lanadelrey.com/
Kelly Clarkson|https://kellyclarkson.com/
PID|NA
Newbourne Media|NA
Michael Jackson|NA
Arista|NA
Abba|https://www.abbaofficial.com/
P!nk|https://www.pinkspage.com/
Justin Bieber|https://www.justinbiebermusic.com/
Shawn Mendes|https://shawnmendesofficial.com/
Evanescence|https://www.evanescence.com/
Backstreet Boys|https://backstreetboys.com/
Luke Bryan|https://www.lukebryan.com/
Blake Shelton|https://www.blakeshelton.com/
Chris Stapleton|https://www.chrisstapleton.com/
Alan Jackson|http://www.alanjackson.com/
Alabama Crimson Tide|http://www.rolltide.com/
Josh Turner|http://joshturner.com/home
Kane Brown|http://kanebrownmusic.com/home
Tim McGraw|http://timmcgraw.com/home
Walker Hayes|http://walkerhayes.com/home
Carrie Underwood|http://carrieunderwoodofficial.com/home
Kenny Chesney|http://kennychesney.com/home
George Jones|NA
Randy Travis|NA
Shania Twain|http://shaniatwain.com/home
Sonoma|NA
Warner Classics|https://www.warnerclassics.com/
Andrea Bocelli|https://www.andreabocelli.com/
Susan Boyle|https://www.susanboylemusic.com/
Luciano Pavarotti|https://www.pavarottiofficial.com/
Telarc|NA
Naxos Records|https://www.naxos.com/
Vinyl|NA
Denon|https://usa.denon.com/us
Frank Sinatra|NA
Chandos|https://www.chandos.net/
Adele|NA
Maximum Games|https://maximumgames.com/
Walmeck|NA
Tinksky|NA
Almencla|NA
Gymax|NA
GLFSIL|NA
Monoprice|https://www.monoprice.com/
AKG|https://www.akg.com/
STARTIST|NA
CMGB|NA
Fanzey|NA
Ktaxon|NA
Linyer|NA
MERIGLARE|NA
Novashion|NA
Toma|NA
Turtle Beach|https://www.turtlebeach.com/
Beexcellent|https://www.beexcellent.com/
SteelSeries|https://steelseries.com/
Gtheos|NA
Microsoft|https://www.microsoft.com/en-us/
KontrolFreek|https://www.kontrolfreek.com/
PlayStation|https://www.playstation.com/en-us/
WD|https://shop.westerndigital.com/
RUNMUS|https://runmusgaming.com/
RIG-NA
PDP-NA
PowerA-NA
SPBPQY-NA
SanDisk|https://shop.westerndigital.com/products/memory-cards/sandisk-ultra-microsdxc-uhs-i-card?utm_source=google&utm_medium=cpc&utm_campaign=us-shopping-nonbrand&utm_content=us-shopping-nonbrand-sandisk&utm_term=&gclid=CjwKCAjw9uKIBhA8EiwAYPUS3OQJZzvLZzJfJWtX4xMqVrWfzvLZy7b5NQ2VJlRnXp5vNv0sY5zSxoCmXMQAvD_BwE&gclsrc=aw.ds
Seagate|https://www.seagate.com/support/downloads/
Western Digital|https://www.westerndigital.com/
LUXMO PREMIUM|NA
NETNEW|NA
Logitech|https://www.logitech.com/en-us
Arcade1Up|https://arcade1up.com/
Daisy|NA
dreamGEAR|NA
My Arcade|https://myarcadegaming.com/
AtGames|https://www.atgames.net/
Majik|NA
Merkury Innovations|NA
iFanze|NA
TSF Toys|NA
alder|NA
BANDAI NAMCO|https://www.bandainamcoent.com/
Capcom|https://www.capcom.com/
SEGA|https://www.sega.com/
Suncoast Arcade|NA
Grace|NA
UNICO|NA
Tiger|NA
Basic Fun!|https://basicfun.com/
Hyperkin|https://hyperkin.com/
Oculus|https://www.oculus.com/
Electronic Arts|https://www.ea.com/
Esywen|NA
Beboncool|NA
OIVO|NA
Square Enix|https://square-enix-games.com/en_US/home/
Ubisoft|https://www.ubisoft.com/en-us/
Searching Roads |NA
DinoFire |NA
GeekShare |NA
Aokid |NA
Cshidworld |NA
HEYSTOP |NA
KITPIPI |NA
Outright Games |NA
Cricut |https://cricut.com/
HTVRont|https://www.htvront.com/
YRYM|NA
Brongsleet|NA
Oracal|NA
Sizzix|https://www.sizzix.com/
MECOLOUR|NA
Siser|https://www.brilliantvinyl.com/
Avery|https://www.avery.com/
Cheers.US|NA
Aunt Martha's|NA
VEVOR|https://www.vevor.com/
Silhouette|https://www.silhouetteamerica.com/
PRINTERS JACK|NA
Kassa|https://kassausa.com/
Pen+Gear|NA
2CFun|NA
Silhouette America|https://www.silhouetteamerica.com/
SEI|NA
KOALA PAPER|NA
Everything Mary|https://everythingmary.com/
Honey-Can-Do|https://www.honeycando.com/
Creative Options|https://creativeoptionscrafts.com/
ArtBin|https://artbin.com/
Sauder|https://www.sauder.com/
ARTDOT|NA
Hello Hobby|NA
Simply Tidy|NA
Logix|NA
Plaid|https://plaidonline.com/
Bright Creations|NA
HOTBEST |NA
IRIS |https://www.iristech.co/
Kingart |https://kingartco.com/
Daler-Rowney |https://www.daler-rowney.com/en-gb
7 Elements |NA
Adeptus |http://adeptususa.com/
Juvale |NA
CraftBud |NA
Boye |http://www.boye-knitting.com/
Premier Yarns |https://www.premieryarns.com/
Red Heart|https://www.yarnspirations.com/welcome-red-heart.html
Hearth & Harbor|http://hearthandharbor.com/
PICASSO TILES|https://www.picassotiles.com/
Leisure Arts|NA
JANGSLNG|NA
4M|NA
Susan Bates|NA
Naler|NA
Bestonzon|NA
J Mark|NA
Cusimax|NA
Coats|NA
Yarniss|NA
Lion Brand|NA
Techtongda|NA
Allnice|NA
Kinetic Sand|NA
Play-Doh|https://playdoh.hasbro.com/en-us/
Cra-Z-Art|https://cra-z-artshop.com/
Creativity for Kids|https://www.fabercastell.com/collections/creativity-for-kids
Made By Me|https://www.horizongroupusa.com/made-by-me/
Zoiuytrg|NA
Just My Style|https://www.horizongroupusa.com/just-my-style/
Adofi|NA
Elmer's|https://www.elmers.com/
Cool Maker|https://coolmaker.spinmaster.com/en-US/home/
Miyanuby|NA
Etch A Sketch|https://etchasketch.com/
Original Stationery|https://originalstationery.com/
Discovery|https://www.discoverytoys.us/
Melissa & Doug|https://www.melissaanddoug.com/
Discovery Kids|https://discoverykids.com/
Allaugh|NA
CousinDIY|https://cousindiy.com/
Koralakiri|NA
Eclectic Beadalon Intbuying LotFancy
Go Create|https://www.godaddy.com/websites/website-builder
Willstar|https://willstar.in/
Next Style|https://www.next.co.uk/
Gpoty|NA
Blue Box Boutique|NA
Toner Plastics|NA
GiftsJoy|https://giftsjoy.com/
Incraftables|NA
Tulip|https://www.tulipcolor.com/
Create Basics|NA
Aleene's|https://aleenes.com/
Rit|https://www.ritdye.com/
Gildan|https://www.gildan.com/
Puffy|NA
Shuttle Art|https://www.shuttleart.com/
Beacon|https://www.beaconadhesives.com/
iLoveToCreate|https://www.ilovetocreate.com/
Hommtina|NA
Preenex|NA
Marvy Uchida|https://marvy.com/
Craft County|https://craftcounty.com/
Alliance|https://allianceentertainment.com/
U.S. Art Supply|https://usartsupply.com/
Offray|https://www.offray.com/
American Greetings|https://www.americangreetings.com/
Holiday Time|NA
Frillz|NA
Current|https://www.currentcatalog.com/
YAMA RIBBON|http://yamaribbonusa.com/
Scotch|https://www.scotchbrand.com/3M/en_US/scotch-brand/
GWEN STUDIOS|NA
Simplicity|https://www.simplicity.com/
RICHTOP|NA
Unique Industries|http://uniqueindustries.com/
Mainstays|NA
In Stock Labels|https://instocklabels.com/
Purple Q Crafts|NA
Waverly Inspirations|NA
Fairfield|http://www.fairfieldworld.com/
Copic|https://copic.jp/en/
Berkshire Home|Not available
Pellon|https://www.pellonprojects.com/
Brother|https://www.brother-usa.com/
Coolmade|Not available
Poly-Fil|Not available
SINGER|https://www.singer.com/
Apple Barrel|Not available
Fiskars|https://www.fiskars.com/
WESTCOTT|https://www.westcottbrand.com/
Art Alternatives|https://www.art-alternatives.com/
Canson|https://en.canson.com/
Coats & Clark|https://www.coatsandclark.com/
HART|Not available
Hyper Tough|Not available
EverStart|Not available
Tacklife|https://www.tacklifetools.com/
Torin|https://torinjacksusa.com/
Black Jack|Not available
RhinoGear|Not available
Innova|https://innovaproducts.net/
Autel|https://www.auteltech.com/
Yyton|Not available
Pro-Lift|https://pro-liftequipment.com/
Manfiter|Not available
Schumacher Electric|https://schumacherelectric.com/
Kidde|https://www.kidde.com/home-safety/en/us/
Champion Power Equipment|https://www.championpowerequipment.com/
Big Red|Not available
STANLEY|https://www.stanleytools.com/
NOCO|https://no.co/
Stalwart|http://stalwarttools.com/
Kai|https://kaiscissors.com/
Pacer|http://pacerperformance.com/
Dorman|https://www.dormanproducts.com/homepage
Road Ready Wheels|http://roadreadywheels.com/
MOTIV|Not available
REV Wheels|http://rev-wheels.com/
Platinum|http://platinumwheelsusa.com/
Drifz|http://drifzwheelsusa.com/
Ultra Wheels|http://ultrawheel.com/
OE Wheels|https://www.oewheelsllc.com/
Jante Wheel|https://jantewheel.com/
TIS|https://techinfo.toyota.com/
Rough Country|https://www.roughcountry.com/
Pro Comp|https://www.procompusa.com/
Raceline|https://racelinewheels.com/
Marketplace Auto Parts|NA
Action Crash Parts|NA
Auto Drive|NA
Method Race Wheels|https://www.methodracewheels.com/
Ultra Wheel|https://ultrawheel.com/
Camco|https://www.camco.net/
Scott|NA
Lynx|NA
Thetford|https://www.thetford.com/
Walex|https://walex.com/
Unique|https://uniqueoff-road.com/
3-IN-ONE|https://www.wd40company.com/products/3-in-one-oil
WD-40|https://www.wd40.com/
iClover|NA
Andersen Hitches|https://andersenhitches.com/
DampRid|https://damprid.com/
Oxygenics|https://oxygenics.com/
Valterra|https://www.valterra.com/
belVita|https://www.belvitabreakfast.com/us/en/home.html
Fuel Helmets|http://fuelhelmets.com/
Castrol|https://www.castrol.com/en_us/united-states/home.html
Mighty Max Battery|https://mightymaxbattery.com/
FRAM|https://www.fram.com/
Harley-Davidson|https://www.harley-davidson.com/us/en/index.html
1Storm|NA
Wsdcam|NA
Ficcug|NA
TCMT|NA
Budge Industries|http://www.budgeindustries.com/
Chrome Battery|https://chromebattery.com/
Chrome Pro Battery|NA
K&N|https://www.knfilters.com/
Unique Bargains|NA
Mobil 1|https://mobiloil.com/en/
Dc Cargo Mall|https://dccargomall.com/
Audew|https://www.audew.com/
AHR|https://ahrprivatewealth.com/
Dunlop|https://www.dunloptires.com/
HOVER HEART|NA
RPS|NA
MotoTec|https://www.mototecusa.com/
Massimo Motor|https://massimomotor.com/
Realtree|https://www.realtree.com/
Razor|https://www.razor.com/
Tao Tao|https://taotaopartsdirect.com/
Coleman|https://www.coleman.com/
Coolster|http://coolster.com/
SYX MOTO|https://syxmoto.com/
Say Yeah|NA
Uber Scoot|http://www.puzey.co.za/uberscoot.html
APOLLO|https://www.apollomotorsusa.com/
XtremepowerUS|https://xtremepowerusa.com/
Burromax|https://burromax.com/
Hoverheart|NA
FRP|NA
Hikiddo|NA
Unicycle|NA
Trailmaster Suspension|http://trailmastersuspension.com/
GLX|http://glxhelmets.com/
Kemimoto|https://kemimoto.com/
Ccdes|NA
Solar-1|http://solar-1.net/
YOUTHINK|NA
6D Helmets|https://www.6dhelmets.com/
HEROBIKER|NA
Stibadium|NA
Raider|http://raiderpowersports.com/
CHCYCLE|NA
TSV|NA
Pirelli|https://www.pirelli.com/global/en-ww/homepage
Rust-Oleum|https://www.rustoleum.com/pages/homepage.aspx
Walbest|NA
Genuine Dickies|https://www.dickies.com/genuine-dickies.html
Geartronics|NA
Icy Hot|[www.icyhot.com](http://www.icyhot.com)
BioFreeze|[www.biofreeze.com](http://www.biofreeze.com)
Advil|[www.advil.com](http://www.advil.com)
Excedrin|[www.excedrin.com](http://www.excedrin.com)
Aleve|[www.aleve.com](http://www.aleve.com)
Theraworx|[www.theraworxrelief.com](http://www.theraworxrelief.com)
Blue-Emu|[www.blue-emu.com](http://www.blue-emu.com)
BeKoool|[www.bekoool.com](http://www.bekoool.com)
Bayer|[www.bayer.com](http://www.bayer.com)
BC|[www.bcpowder.com](http://www.bcpowder.com)
Hempvana|[www.hempvana.com](http://www.hempvana.com)
Backaid|NA
Goody's|[www.goodyspowder.com](http://www.goodyspowder.com)
ThermaCare|[www.thermacare.com](http://www.thermacare.com)
Nervive|NA
Zyrtec|[www.zyrtec.com](http://www.zyrtec.com)
XYZAL|[www.xyzal.com](http://www.xyzal.com)
Allegra|[www.allegra.com](http://www.allegra.com)
Flonase|[www.flonase.com](http://www.flonase.com)
Primatene|[www.primatene.com](http://www.primatene.com)
Benadryl|[www.benadryl.com](http://www.benadryl.com)
Spirit360|NA
AstePRO|[www.astepro.com](http://www.astepro.com)
Claritin|[www.claritin.com](http://www.claritin.com)
Mucinex|[www.mucinex.com](http://www.mucinex.com)
Vicks|[www.vicks.com](http://www.vicks.com)
Ricola|[www.ricola.com](http://www.ricola.com)
SUDAFED|[www.sudafed.com](http://www.sudafed.com)
Alka-Seltzer Plus|[www.alkaseltzerplus.com](http://www.alkaseltzerplus.com)
Afrin|[www.afrin.com](http://www.afrin.com)
Neilmed|[www.neilmed.com](http://www.neilmed.com)
Nasacort|[www.nasacort.com](http://www.nasacort.com)
HALLS|[www.gethalls.com](http://www.gethalls.com)
Robitussin|[www.robitussin.com](http://www.robitussin.com)
Theraflu|[www.theraflu.com](http://www.theraflu.com)
Coricidin|[www.coricidin.com](http://www.coricidin.com)
Zicam|[www.zicam.com](http://www
Carmex|[www.mycarmex.com](http://www.mycarmex.com)
Luden's|[www.ludens.com](http://www.ludens.com)
Airborne|[www.airbornehealth.com](http://www.airbornehealth.com)
Zarbee's|[www.zarbees.com](http://www.zarbees.com)
Hyland's Naturals|[www.hylands.com](http://www.hylands.com)
Pepto|[www.pepto-bismol.com](http://www.pepto-bismol.com)
Nature Made|[www.naturemade.com](http://www.naturemade.com)
Oilogic|[www.oilogiccare.com](http://www.oilogiccare.com)
Flintstones|[www.flintstonesvitamins.com](http://www.flintstonesvitamins.com)
Dimetapp|[www.dimetapp.com](http://www.dimetapp.com)
Spring Valley|NA
OLLY|[www.olly.com](http://www.olly.com)
Digestive Advantage|[www.digestiveadvantage.com](http://www.digestiveadvantage.com)
Natrol|[www.natrol.com](http://www.natrol.com)
Little Remedies|[www.littleremedies.com](http://www.littleremedies.com)
Parent's Choice|NA
Metamucil|[www.metamucil.com](http://www.metamucil.com)
Imodium|[www.imodium.com](http://www.imodium.com)
MiraLAX|[www.miralax.com](http://www.miralax.com)
TUMS|[www.tums.com](http://www.tums.com)
Dulcolax|[www.dulcolax.com](http://www.dulcolax.com)
Prilosec|[www.prilosecotc.com](http://www.prilosecotc.com)
Pepcid|[www.pepcid.com](http://www.pepcid.com)
Quality Plus|NA
Benefiber|[www.benefiber.com](http://www.benefiber.com)
Senokot|[www.senokot.com](http://www.senokot.com)
IBgard|[www.ibgard.com](http://www.ibgard.com)
Nexium|[www.nexium24hr.com](http://www.nexium24hr.com)
Mylanta|NA
Gas-X|[www.gas-x.com](http://www.gas-x.com)
Kaopectate|[www.kaopectate.com](http://www.kaopectate.com)
Nature's Bounty|[www.naturesbounty.com](http://www.naturesbounty.com)
Midea|[www.midea.com](http://www.midea.com)
Giantex|[www.giantex.com](http://www.giantex.com)
LifePlus|NA
GE Appliances|[www.geappliances.com](http://www.geappliances.com)
Haier|[www.haier.com](http://www.haier.com)
SKONYON|NA
Duck Brand|[www.duckbrand.com](http://www.duckbrand.com)
Jas
AIRBOSS|[www.airboss-defense.com](https://www.airboss-defense.com)
HUMSURE|[www.humsure.com](https://www.humsure.com)
AllTopBargains|[www.alltopbargains.com](https://www.alltopbargains.com)
ALROCKET|[www.alrocket.com](https://www.alrocket.com)
AlorAir|[www.alorair.com](https://www.alorair.com)
Pro Breeze|[www.probreeze.com](https://www.probreeze.com)
Homelabs|[www.homelabs.com](https://www.homelabs.com)
BToBackyard|[www.btobackyard.com](https://www.btobackyard.com)
Eva-Dry|[www.eva-dry.com](https://www.eva-dry.com)
AGLUCKY|[www.aglucky.com](https://www.aglucky.com)
VAVSEA|[www.vavsea.com](https://www.vavsea.com)
Hydrosorbent|[www.hydrosorbent.com](https://www.hydrosorbent.com)
IVATION|[www.ivationproducts.com](https://www.ivationproducts.com)
SOTHING|NA
PUR|[www.pur.com](https://www.pur.com)
Brita|[www.brita.com](https://www.brita.com)
ZeroWater|[www.zerowater.com](https://www.zerowater.com)
Filtrete|[www.filtrete.com](https://www.filtrete.com)
EveryDrop|[www.everydropwater.com](https://www.everydropwater.com)
SimPure|[www.simpurelife.com](https://www.simpurelife.com)
Primo Water|[www.primowater.com](https://www.primowater.com)
Berkey|[www.berkeyfilters.com](https://www.berkeyfilters.com)
iSpring|[www.123filter.com](https://www.123filter.com)
Avalon|[www.avalonwatercoolers.com](https://www.avalonwatercoolers.com)
Waterdrop|[www.waterdropfilter.com](https://www.waterdropfilter.com)
APEC Water Systems|[www.freedrinkingwater.com](https://www.freedrinkingwater.com)
Membrane Solutions|[www.membranesolutions.com](https://www.membranesolutions.com)
Aquasana|[www.aquasana.com](https://www.aquasana.com)
Aqua Crest|[www.aquacrestwater.com](https://www.aquacrestwater.com)
Waterpik|[www.waterpik.com](https://www.waterpik.com)
Veken|[www.vekenproducts.com](https://www.vekenproducts.com)
KUIIYER|NA
Peerless|[www.peerlessfaucet.com](https://www.peerlessfaucet.com)
hopopro|[www.hopopro.com](https://www.hopopro.com)
PowerSpa|[www.powerspa.com](https://www.powerspa.com)
Delta|[www.deltafaucet.com](https://
www.deltafaucet.com)
PHANCIR|[www.phancir.com](https://www.phancir.com)
Moen|[www.moen.com](https://www.moen.com)
VXV|NA
Mighty Rock|[www.mightyrock.eu](https://www.mightyrock.eu)
atomi smart|[www.atomismart.com](https://www.atomismart.com)
Gusgopo|NA
AquaDance|[www.aquadance.com](https://www.aquadance.com)
AQwzh|NA
SparkPod|[www.sparkpod.com](https://www.sparkpod.com)
AquaSpa|[www.aquaspa.com](https://www.aquaspa.com)
Mayfair|[www.mayfairtoiletseats.com](https://www.mayfairtoiletseats.com)
Bemis|[www.bemismfg.com](https://www.bemismfg.com)
Ginsey Home Solutions|[www.ginsey.com](https://www.ginsey.com)
Evekare|[www.evekare.com](https://www.evekare.com)
Achim|[www.achimonline.com](https://www.achimonline.com)
R&T|[www.randtdecorative.com](https://www.randtdecorative.com)
Double Rhombus|[www.doublerhombus.com](https://www.doublerhombus.com)
Sanilo|[www.sanilo.com](https://www.sanilo.com)
Centoco|[www.centoco.com](https://www.centoco.com)
American Standard|[www.americanstandard-us.com](https://www.americanstandard-us.com)
Home Solutions|NA
UMIEN|[www.umien.com](https://www.umien.com)
Inus|[www.inus.us](https://www.inus.us)
Essential Medical Supply|[www.essentialmedicalsupply.com](https://www.essentialmedicalsupply.com)
ZMJH|NA
Plumbing Technologies|NA
Design House|NA
3M|https://www.3m.com/
Venom Steel|https://venomsteel.com/
Walkers|https://www.walkersgameear.com/
Grease Monkey|NA
Zall|NA
Mechanix Wear|https://www.mechanix.com/
EvridWear|https://evridwear.com/
Zeiss|https://www.zeiss.com/
Walker's Game Ear|https://www.walkersgameear.com/
G & F|NA
Wells Lamont|https://www.wellslamont.com/
NASUM|NA
Champion Traps & Targets|https://www.championtarget.com/
DR.MOXA|NA
Lilvigor|NA
RightCare|NA
Eviva|https://www.eviva.us/
Meditubs|https://www.meditubs.com/
Prime-Line|https://www.primeline.net/
ANZZI|https://www.anzzi.com/
SWCORP|NA
Steam Spa|https://steamspa.com/
DEWENWILS|https://www.dewenwils.com/
SystemBuild|NA
Altair|https://www.altairlighting.com/
SKIL|https://www.skil.com/
Totti|NA
Inval|NA
Kichler|https://www.kichler.com/
HOROW|NA
Douglas|NA
Russell|NA
Wisairt|NA
Ecetana|NA
Blue Panda|NA
Molblly|NA
Not Specified|NA
Dixie|https://www.dixie.com/
Vanity Fair|https://www.vanityfairnapkins.com/
Hefty|https://www.hefty.com/
Ziploc|https://www.ziploc.com/
Chinet|https://www.mychinet.com/
Comfy Package|NA
Reynolds Kitchens|https://www.reynoldskitchens.com/
Solo|https://www.solocup.com/
Glad|https://www.glad.com/
Bounty|https://bountytowels.com/
Ball Aluminum Cup|https://www.ball.com/aluminumcup/
Star Wars|NA
Lamosi|NA
Wilton|https://www.wilton.com/
Zevo|https://www.zevoinsect.com/
Stem|NA
Raid|https://www.raid.com/
TERRO|https://terro.com/
Combat|NA
Hot Shot|https://www.hotshot.com/
Catchmaster|https://www.catchmasterpro.com/
TOMCAT|https://www.tomcatbrand.com/
Mighty Mint|https://mightymint.com/
Enoz|NA
PIC|NA
Cutter|https://www.cutterinsectrepellents.com/
RESCUE!|https://rescue.com/
d-CON|NA
United Industries|NA
Downy|https://www.downy.com/
OxiClean|https://www.oxiclean.com/
Lysol|https://www.lysol.com/
Snuggle|https://www.snuggle.com/
Purex|https://www.purex.com/
all|https://www.all-laundry.com/
Shout|https://www.shoutitout.com/
Persil|https://www.persil.com/
Suavitel|https://www.suavitel.com/
20 Mule Team Borax|NA
Xtra|NA
Bounce|https://www.bouncefresh.com/
Febreze|https://www.febreze.com/
Roma|NA
The Pink Stuff|NA
Scrub Daddy|https://www.scrubdaddy.com/
Cascade|https://cascadeclean.com/
Sparkle|NA
Scotch-Brite|https://www.scotch-brite.com/
Fabuloso|https://www.fabuloso.com/
Weiman|https://weiman.com/
Finish|https://www.finishdishwashing.com/
Viva|https://www.vivatowels.com/
Drano|https://www.drano.com/
Pine-Sol|https://www.pinesol.com/
O-Cedar|https://ocedar.com/
Scrubbing Bubbles|https://www.scrubbingbubbles.com/
Kaboom|https://www.kaboom.com/
Soft Scrub|https://www.softscrub.com/
Comet|NA
Bowl Fresh|NA
ty-d-bol|NA
Scrub Free|NA
Sugarday|NA
method|https://methodhome.com/
Pumie|NA
Zep|https://www.zep.com/
Swiffer|https://www.swiffer.com/
Mr. Clean|https://www.mrclean.com/
Sprayway|https://spraywayinc.com/
Windex|https://www.windex.com/
Angel Soft|https://www.angelsoft.com/
Kleenex|https://www.kleenex.com/
Charmin|https://www.charmin.com/
Puffs|https://www.puffs.com/
Quilted Northern|https://www.quiltednorthern.com/
Rubbermaid|https://www.rubbermaid.com/
Glade|https://www.glade.com/
Renuzit|https://www.renuzit.com/
Air Wick|https://www.airwick.us/
Safely|NA
Ozium|NA
Punati|NA
Poo-Pourri|https://www.poopourri.com/
FunkAway|https://www.funkaway.com/
Pure Citrus|NA
LITTLE TREES|https://www.littletrees.com/
Citrus Magic|NA
OdoBan|https://www.odoban.com/
California Scents|https://www.californiascents.com/
Duracell|https://www.duracell.com/
Energizer|https://www.energizer.com/
Rayovac|https://www.rayovac.com/
Panasonic|https://na.panasonic.com/
ACDelco|https://www.acdelco.com/
SAFT|NA
eneloop|NA
Orgill|NA
VMAXTANKS|NA
LiCB|NA
Westinghouse|https://westinghouse.com/
EBL|NA
Vinnic|NA
Pale Blue|NA
VARTA|https://www.varta-consumer.com/
HiQuick|NA
Pkcell|NA
Dr. Bronner's|https://www.drbronner.com/
Burt's Bees|https://www.burtsbees.com/
CLR|https://www.jelmar.com/clr/
Lemi Shine|https://www.lemishine.com/
Tree Hut|https://www.treehutshea.com/
Gryph & IvyRose|NA
TheraBreath|https://www.therabreath.com/
Ivory|NA
QUICK SHINE|NA
Native|https://www.nativecos.com/
Renpure|https://www.renpure.com/
St. Ives|https://www.stives.com/
from 1200-1500
Uni-ball|www.uniball.com
Pentel|www.pentel.com
Zebra|www.zebrapen.com
Wite-Out|NA
Nylea|www.nylea.net
Sakura|www.sakuraofamerica.com
Eraser Mate|NA
Tombow|www.tombowusa.com
Cross|www.cross.com
Lineon|NA
Five Star|www.fivestardirect.us
Exceed|NA
U Style|NA
Mintgreen|NA
Rocketbook|www.getrocketbook.com
Mintra Home|www.mintrahome.com
Hamelin|www.hamelinbrands.com
Ucreate|NA
Cambridge|www.cambridgeus.com
Pentalic|www.pentalic.com
Paper Junkie|NA
Class Act Scrapbooking|NA
TRU RED|www.trured.com
Prang|www.prang.com
DaySpring|www.dayspring.com
Blue Sky|www.bluesky.com
See it Bigger|NA
AT-A-GLANCE|www.ataglance.com
Global Printed Products|NA
Willow Creek Press|www.willowcreekpress.com
The Happy Planner|www.thehappyplanner.com
me & my BIG ideas|www.meandmybigideas.com
EcoEarth|NA
WORK FROM HOME|NA
Trends International|www.trendsinternational.com
Clever Fox|www.cleverfoxplanner.com
3Birds Design|NA
LM LITTLE MORE|NA
ZEYAR|www.zeyar.net
POSCA|www.posca.com
Artwerk|NA
U BRANDS|www.ubrands.com
Mr. Pen|www.mrpen.co
Vaci Glass|NA
Mr. Sketch|www.mrsketch.com
Hammermill|www.hammermill.com
Paris Corporation|www.pariscorp.com
Post-it|www.post-it.com
Print Works|NA
Neenah|www.neenahpaper.com
Southworth|www.southworth.com
Boise|www.boisepaper.com
Xerox|www.xerox.com
Strathmore|www.strathmoreartist.com
Stamperia|www.stamperia.com
BOSTITCH|www.bostitchoffice.com
Sterilite|www.sterilite.com
Deli|www.deliusa.com
USA Titanium|NA
STAEDTLER|www.staedtler.us
Utoimkio|NA
ZIPIT|www.zipitstore.com
Scribble Stuff|NA
Maped|www.maped.com
CICIMELON|NA
Hand2Mind|www.hand2mind.com
Educational Insights|www.educationalinsights.com
OfficeMate|NA
Learning Resources|www.learningresources.com
Aurora GB|www.auroragb.com
The Home Edit|www.thehomeedit.com
Command|www.command.com
Tide|www.tide.com
Equate|NA
Sam & Libby|NA
Clorox|www.clorox.com
Dawn|www.dawn-dish.com
Gain|www.ilovegain.com
Dove|www.dove.com
Shark|www.sharkclean.com
BISSELL|www.bissell.com
Hillsdale|www.hillsdalefurniture.com
Homfa|NA
Signature Design by Ashley|www.ashleyfurniture.com
Dyson|www.dyson.com
Hoover|www.hoover.com
Tineco|www.tineco.com
Easyfashion|NA
GPED|NA
Nestl|www.nestle.com
DHP|www.dhpfurniture.com
e.l.f. Cosmetics|www.elfcosmetics.com
L'Oreal Paris|www.lorealparisusa.com
NYX Professional Makeup|www.nyxcosmetics.com
Physicians Formula|www.physiciansformula.com
Milani|www.milanicosmetics.com
Neutrogena|www.neutrogena.com
Profusion Cosmetics|www.profusioncosmetics.com
Hard Candy|www.hardcandy.com
Bubble Skincare|www.bubbleskincare.com
Amen|NA
Fortify Skincare|www.fortifyskincare.com
Sally Hansen|www.sallyhansen.com
Ardell|www.ardelllashes.com
ORLY|www.orlybeauty.com
Madluvv|NA
Laura Geller New York|www.laurageller.com
AMGRA|NA
Art of Air|www.artofair.com
Lottie London|www.lottie.london
Revlon|www.revlon.com
CeraVe|www.cerave.com
Maybelline|www.maybelline.com
Relove by Revolution|NA
Mario Badescu Skin Care|www.mariobadescu.com
DUcare|www.ducare.com
Thayers|www.thayers.com
Garnier|www.garnierusa.com
Erase Your Face|www.erasetheface.com
ITK|NA
Olay|www.olay.com
Dr Teal's|www.drteals.com
Banana Boat|www.bananaboat.com
Hawaiian Tropic|www.hawaiiantropic.com
Australian Gold|www.australiangold.com
Alba Botanica|www.albabotanica.com
Coppertone|www.coppertone.com
Jergens|www.jergens.com
Blue Lizard|www.bluelizard.net
Eucerin|www.eucerinus.com
Cetaphil|www.cetaphil.com
Hello Bello|www.hellobello.com
BabyGanics|www.babyganics.com
EltaMD|www.eltamd.com
b.tan|www.btan.rocks
La Roche-Posay|www.laroche-posay.us
Aveeno|www.aveeno.com
Obagi|www.obagi.com
KINLO|NA
COVERGIRL|www.covergirl.com
Hero Cosmetics|www.herocosmetics.us
Hask|www.haskbeauty.com
Marc Anthony|www.marcanthony.com
NO7|www.no7beauty.com
AF94|NA
TPH by TARAJI|www.tphbytaraji.com
Kiss Colors|www.kisscolors.com
Salon Perfect|www.salonperfect.com
Gold Bond|www.goldbond.com
Juicy Couture|www.juicycouture.com
Rael|www.getrael.com
Liquid I.V|www.liquid-iv.com
L.A. Colors|www.lacolors.com
KISS USA|www.kissusa.com
Onyx Professional|www.onyxbrands.com
OPI|www.opi.com
KISS|www.kissusa.com
imPRESS|www.impressmanicure.com
Cutex|www.cutex.com
essie|www.essie.com
Dashing Diva|www.dashingdiva.com
CIICII|NA
Candy Lover|NA
SensatioNail|www.sensationail.com
Gellen|www.gellennails.com
Olive and June|www.oliveandjune.com
SinfulColors|www.sinfulcolors.com
Flawless|www.flawlessbeauty.com
Conair|www.conair.com
EcoTools|www.ecotools.com
Real Techniques|www.realtechniques.com
Q-tips|www.qtips.com
Bed Head|www.bedhead.com
wet n wild|www.wetnwildbeauty.com
Hairitage|www.hairitagebymindy.com
Elecsop|NA
Spa Sciences|www.spasciences.com
Bescita|NA
Swisspers|www.swisspers.com
beautimate|NA
DUAIU|NA
Leeshine|NA
KIPOZI|www.kipozi.com
Philosophy|www.philosophy.com
Derma E|www.dermae.com
Daily Concepts|www.dailyconcepts.com
Sol De Janeiro|www.soldejaneiro.com
Avon|www.avon.com
BEAUTYSPACENK|NA
L'Occitane|www.loccitane.com
HadinEEon|www.hadineeon.com
GUESS|www.guess.com
Paul Mitchell|www.paulmitchell.com
Clarins|www.clarinsusa.com
Patchology|www.patchology.com
Beekman 1802|www.beekman1802.com
Elizabeth Arden|www.elizabetharden.com
No Mo-Stache|www.nomostache.com
Yardley London|www.yardleylondon.com
Weleda|www.weleda.com
Divine Derriere|www.divinederriere.com
Lavanila|www.lavanila.com
Philips Norelco|www.usa.philips.com/c-p/Norelco-hair-clipper-hc7452_41/prd/en/
Old Spice|www.oldspice.com
Every Man Jack|www.everymanjack.com
CREMO|www.cremocompany.com
Harry's|www.harrys.com
Gillette|www.gillette.com
SheaMoisture|www.sheamoisture.com
Just For Men|www.justformen.com
Kenneth Cole|www.kennethcole.com
Wild Willies|www.wild-willies.com
Davidoff|www.davidoff.com
American Crew|www.americancrew.com
Scotch Porter|www.scotchporter.com
Murray's|www.murrayspomade.com
Calvin Klein|www.calvinklein.us
Dollar Shave Club|www.dollarshaveclub.com
SheaMoisture Men's|www.sheamoisture.com/men
Philip B|www.philipb.com
Juice Beauty|www.juicebeauty.com
Image Skin Care|www.imageskincare.com
By Terry|www.byterry.com
Lancer|www.lancerskincare.com
Grow Gorgeous|www.growgorgeous.com
Joico|www.joico.com
Peter Thomas Roth|www.peterthomasroth.com
Goldfaden MD|www.goldfadenmd.com
Cowshed|www.cowshed.com
Davines|www.davines.com
PCA Skin|www.pcaskin.com
Mama Mio|www.mioskincare.com
BaBylissPRO|www.babylissus.com
Redken|www.redken.com
Kinder's|www.kinders.com
Big Dot of Happiness|www.bigdotofhappiness.com
Igloo|www.igloocoolers.com
Reynolds Wrap|www.reynoldskitchens.com
Fun Express|www.funexpress.com
LifeTime Vitamins|NA
Freshness Guaranteed|NA
Amscan|www.amscan.com
Colgate|www.colgate.com
Dial|www.dialsoap.com
Crest|www.crest.com
Softsoap|www.softsoap.com
Venus|www.gillettevenus.com
Mrs. Meyer's Clean Day|www.mrsmeyers.com
eos|www.evolutionofsmooth.com
Sensodyne|www.sensodyne.com
Depend|www.depend.com
Secret|www.secret.com
Vagisil|www.vagisil.com
Degree|www.degreedeodorant.com
Always Discreet|www.alwaysdiscreet.com
Summer's Eve|www.summerseve.com
Always|www.always.com
The Honey Pot Company|www.thehoneypot.co
Poise|www.poise.com
Kotex|www.ubykotex.com
Carefree|www.carefreeliners.com
Tampax|www.tampax.com
Monistat|www.monistat.com
L.|www.thisisl.com
TENA|www.tena.us
pH-D Feminine Health|www.phdfemininehealth.com
Stayfree|www.stayfree.com
Queen V|www.queenvlife.com
AZO|www.azoproducts.com
Playtex|www.playtexproducts.com
FDS|www.fdswoman.com
Thinx for All|www.shethinx.com
Assurance|www.assurance.com
Cottonelle|www.cottonelle.com
DUDE|www.dudeproducts.com
Buyockss|NA
Prevail|www.prevail.com
FitRight|NA
FitRight Fresh Start|NA
Attends|www.attends.com
LivDry|www.livdry.com
INSPIRE|www.inspireprotect.com
HealthLine|NA
Tranquility|www.tranquilityproducts.com
BinaxNOW|www.binaxnow.com
iHealth|www.ihealthlabs.com
Flowflex|NA
Quidel|www.quidel.com
InteliSwab|www.inteliswab.com
On/Go|NA
myLab|www.mylabbox.com
Ellume|www.ellumehealth.com
Genabio|NA
AZOVA, Inc|www.azovahealth.com
Simple HealthKit|www.simplehealthkit.com
Voltaren|www.voltaren.com
TYLENOL|www.tylenol.com
Aspercreme|www.aspercreme.com
Salonpas|www.salonpas.us
