Luke Clawson Pocatello ID 83201|lclaw140136@outlook.com
Zachary Dunn Salt Lake City UT 84106|zsdunn282722@outlook.com
Porsha Flanders Dublin GA 31021|psbjmommy90161670@outlook.com
Matthew Beverley Los Ranchos NM 87114|mattbev396458@outlook.com
Rodrigo velazquez West Frankfort IL 62896|cometi_n_30605247@outlook.com
Jamie Schulze Ilion NY 13357|jamieschulze332012@outlook.com
CHRISTINA CAMACHO Merkel TX 79536|ccamacho1960250560@outlook.com
Logan Gordon Deville LA 71328|gordonlogan858672934@outlook.com
Nicole Phillips Broken Arrow OK 74012|sweetpea92383446542@outlook.com
Obieah Bess Cincinnati OH 45240|obieahr786345@outlook.com
Cedric Archie Humble TX 77396|cedricarchie416729@outlook.com
Jennifer Kent Salem OR 97302|jenniferkent335927@outlook.com
Zachery Holyoak New York UT 84701|zacheryholyoak448623@outlook.com
Tallen lamprecht New York UT 84067|tallenlamprecht701676@outlook.com
Mary O'Brien Castle Valley UT 84532|maryobrien10850890@outlook.com
Rhoda Gonzales FRESNO CA 93729|rhodagnzls868866@outlook.com
Delia Sifuentes-Garcia Fresno CA 93711|nickanddeliagarcia683455@outlook.com
Sam harlow Bradenton FL 34205|sharlow7678106107@outlook.com
